call_name,volume,ua_asset_price,call_price,days_to_mature
ضهرم8003,4000,16420,2150,91
ضهرم1006,1000,17300,3500,136
ضملی9015,1000,6575,3500,91
ضملی9012,1000,6565,2500,91
ضملت7015,15000,2023,250,49
ضذوب9011,5000,407,210,113
ضذوب7017,50000,420,41,42
ضتوان700,3000,16818,3137,22
ضتوان1000,16000,15254,5430,130
ضتاب8013,10000,8122,2155,85
ضبید8012,9000,9131,3147,77
ضبید6001,1000,9130,3350,28
ضاطلس705,2000,43580,4495,22
ضاطلس704,5000,43590,6550,22
ضاساس1209,5000,38245,13288,200
ضاساس1201,2000,38245,9965,200
ضاساس1008,1000,38245,11967,144
